{
  "url": "edge of glory",
  "processed_time": "2025-03-08T02:19:40.995588",
  "audio_path": "output/music_analysis/20250308_021926_75f1f832_edge_of_glory/song_20250308_021926_edge_of_glory.wav",
  "public_audio_path": "output/music_analysis/audio/song_20250308_021926_edge_of_glory.wav",
  "features_summary": {
    "F0semitoneFrom27.5Hz_sma3nz_amean": 22.839630126953125,
    "F0semitoneFrom27.5Hz_sma3nz_stddevNorm": 0.5763527750968933,
    "F0semitoneFrom27.5Hz_sma3nz_percentile20.0": 13.199804306030273,
    "F0semitoneFrom27.5Hz_sma3nz_percentile50.0": 16.743040084838867,
    "F0semitoneFrom27.5Hz_sma3nz_percentile80.0": 36.034751892089844,
    "F0semitoneFrom27.5Hz_sma3nz_pctlrange0-2": 22.83494758605957,
    "F0semitoneFrom27.5Hz_sma3nz_meanRisingSlope": 320.6452941894531,
    "F0semitoneFrom27.5Hz_sma3nz_stddevRisingSlope": 509.0776062011719,
    "F0semitoneFrom27.5Hz_sma3nz_meanFallingSlope": 189.4104461669922,
    "F0semitoneFrom27.5Hz_sma3nz_stddevFallingSlope": 383.49639892578125,
    "loudness_sma3_amean": 4.212550640106201,
    "loudness_sma3_stddevNorm": 0.41910475492477417,
    "loudness_sma3_percentile20.0": 2.781191349029541,
    "loudness_sma3_percentile50.0": 4.417030334472656,
    "loudness_sma3_percentile80.0": 5.731560707092285,
    "loudness_sma3_pctlrange0-2": 2.950369358062744,
    "loudness_sma3_meanRisingSlope": 22.492677688598633,
    "loudness_sma3_stddevRisingSlope": 17.486785888671875,
    "loudness_sma3_meanFallingSlope": 13.650092124938965,
    "loudness_sma3_stddevFallingSlope": 10.106327056884766,
    "spectralFlux_sma3_amean": 4.9323015213012695,
    "spectralFlux_sma3_stddevNorm": 0.5461068153381348,
    "mfcc1_sma3_amean": 11.877897262573242,
    "mfcc1_sma3_stddevNorm": 0.6934675574302673,
    "mfcc2_sma3_amean": 1.096811294555664,
    "mfcc2_sma3_stddevNorm": 9.203701972961426,
    "mfcc3_sma3_amean": 11.904549598693848,
    "mfcc3_sma3_stddevNorm": 0.8183684349060059,
    "mfcc4_sma3_amean": 5.1618452072143555,
    "mfcc4_sma3_stddevNorm": 2.1260299682617188,
    "jitterLocal_sma3nz_amean": 0.06348211318254471,
    "jitterLocal_sma3nz_stddevNorm": 1.8640356063842773,
    "shimmerLocaldB_sma3nz_amean": 1.0610002279281616,
    "shimmerLocaldB_sma3nz_stddevNorm": 0.6920030117034912,
    "HNRdBACF_sma3nz_amean": -1.8669052124023438,
    "HNRdBACF_sma3nz_stddevNorm": -2.37524676322937,
    "logRelF0-H1-H2_sma3nz_amean": 4.309614658355713,
    "logRelF0-H1-H2_sma3nz_stddevNorm": 8.27344036102295,
    "logRelF0-H1-A3_sma3nz_amean": 4.494262218475342,
    "logRelF0-H1-A3_sma3nz_stddevNorm": 5.498754978179932,
    "F1frequency_sma3nz_amean": 689.6747436523438,
    "F1frequency_sma3nz_stddevNorm": 0.3413136899471283,
    "F1bandwidth_sma3nz_amean": 1082.829345703125,
    "F1bandwidth_sma3nz_stddevNorm": 0.27874112129211426,
    "F1amplitudeLogRelF0_sma3nz_amean": -93.14131164550781,
    "F1amplitudeLogRelF0_sma3nz_stddevNorm": -0.8975483775138855,
    "F2frequency_sma3nz_amean": 1715.9769287109375,
    "F2frequency_sma3nz_stddevNorm": 0.17104165256023407,
    "F2bandwidth_sma3nz_amean": 902.8641967773438,
    "F2bandwidth_sma3nz_stddevNorm": 0.437557578086853,
    "F2amplitudeLogRelF0_sma3nz_amean": -87.05894470214844,
    "F2amplitudeLogRelF0_sma3nz_stddevNorm": -0.9476702213287354,
    "F3frequency_sma3nz_amean": 2774.7509765625,
    "F3frequency_sma3nz_stddevNorm": 0.11099635809659958,
    "F3bandwidth_sma3nz_amean": 819.7410888671875,
    "F3bandwidth_sma3nz_stddevNorm": 0.567321240901947,
    "F3amplitudeLogRelF0_sma3nz_amean": -88.43868255615234,
    "F3amplitudeLogRelF0_sma3nz_stddevNorm": -0.9211558103561401,
    "alphaRatioV_sma3nz_amean": -8.741554260253906,
    "alphaRatioV_sma3nz_stddevNorm": -1.0263580083847046,
    "hammarbergIndexV_sma3nz_amean": 16.19118881225586,
    "hammarbergIndexV_sma3nz_stddevNorm": 0.6268006563186646,
    "slopeV0-500_sma3nz_amean": -0.06585163623094559,
    "slopeV0-500_sma3nz_stddevNorm": -0.8986177444458008,
    "slopeV500-1500_sma3nz_amean": -0.008225264959037304,
    "slopeV500-1500_sma3nz_stddevNorm": -1.1826362609863281,
    "spectralFluxV_sma3nz_amean": 4.355169773101807,
    "spectralFluxV_sma3nz_stddevNorm": 0.6094154119491577,
    "mfcc1V_sma3nz_amean": 13.11425495147705,
    "mfcc1V_sma3nz_stddevNorm": 0.6780344247817993,
    "mfcc2V_sma3nz_amean": 1.0429972410202026,
    "mfcc2V_sma3nz_stddevNorm": 10.462786674499512,
    "mfcc3V_sma3nz_amean": 11.51169204711914,
    "mfcc3V_sma3nz_stddevNorm": 0.9301670789718628,
    "mfcc4V_sma3nz_amean": 4.4010772705078125,
    "mfcc4V_sma3nz_stddevNorm": 2.807058334350586,
    "alphaRatioUV_sma3nz_amean": -7.5645432472229,
    "hammarbergIndexUV_sma3nz_amean": 14.953548431396484,
    "slopeUV0-500_sma3nz_amean": -0.08364365249872208,
    "slopeUV500-1500_sma3nz_amean": -0.006146682426333427,
    "spectralFluxUV_sma3nz_amean": 5.864509105682373,
    "loudnessPeaksPerSec": 2.611544370651245,
    "VoicedSegmentsPerSec": 3.1206119060516357,
    "MeanVoicedSegmentLengthSec": 0.13965000212192535,
    "StddevVoicedSegmentLengthSec": 0.24505598843097687,
    "MeanUnvoicedSegmentLength": 0.09364999830722809,
    "StddevUnvoicedSegmentLength": 0.09293424338102341,
    "equivalentSoundLevel_dBp": -11.420852661132812
  },
  "interpretation": "In \"The Edge Of Glory,\" Lady Gaga evokes a triumphant yet introspective mood, blending themes of liberation and vulnerability. The soaring melodies, underscored by a consistent dynamic level, create an anthemic quality that resonates with listeners, while the rhythmic steadiness enhances the feeling of urgency. Notably, Gaga's vocal delivery showcases both power and emotional depth, particularly in the climactic moments that elevate the song's intensity. The most significant energy shifts occur during the bridge, where the instrumentation swells, amplifying the sense of catharsis as she reflects on life's fleeting moments. This combination of anthemic choruses and intimate verses encapsulates a profound journey towards self-acceptance and celebration.",
  "interpretation_path": "output/music_analysis/20250308_021926_75f1f832_edge_of_glory/interpretation.txt",
  "session_path": "output/music_analysis/20250308_021926_75f1f832_edge_of_glory",
  "metadata": {
    "title": "The Edge Of Glory",
    "artist": "GagaTube GagaTube",
    "uploader": "GagaTube GagaTube",
    "duration": 321,
    "description": "",
    "view_count": 3929313,
    "upload_date": "20170210"
  }
}